SET FOREIGN_KEY_CHECKS = 0;

insert  into `block_template`(`id`,`for_type_id`,`name`,`view_script`,`description`) values (2,2,'html','_html',NULL),(5,5,'image','_image',NULL),(6,6,'image','_image',NULL),(7,7,'image','_image',NULL);
insert  into `block_type`(`id`,`name`,`icon`,`description`) values (2,'html','/images/icons/block.png',NULL),(5,'image-small','/images/icons/block.png',NULL),(6,'image-medium','/images/icons/block.png',NULL),(7,'image-large','/images/icons/block.png',NULL);
insert  into `helpdesk_ticket_status`(`text`) values ('OPEN'),('RESOLVED');
insert  into `item_teaser_template`(`id`,`for_type_id`,`name`,`view_script`,`description`) values (1,1,'auto','_auto-body-teaser','Automatically generates teaser from body'),(2,2,'auto','_auto-body-teaser','Automatically generates teaser from body'),(4,4,'auto','_auto-body-teaser','Automatically generates teaser from body'),(5,5,'auto','_auto-body-teaser','Automatically generates teaser from body'),(9,7,'auto','_auto-body-teaser','Automatically generates teaser from body');
insert  into `item_template`(`id`,`for_type_id`,`name`,`view_script`,`description`) values (1,1,'three-column','3col-home-page','Three columns of blocks'),(2,2,'two-column','2col-large-left-sitemap','Body uses two thirds of page while remaining third is for blocks on the right'),(4,4,'two-column-large-left','2col-large-left-article','Body uses two thirds of page while remaining third is for blocks on the right'),(5,5,'three-column','3col-landing-page','Three columns with body split between columns one and two'),(6,4,'three-column-large-middle','3col-large-middle-article','Body uses large middle section, navigation on left and blocks in right column'),(8,4,'two-column-equal','2col-equal-article','Two equal sized columns blocks on right'),(9,5,'three-column-editorial','3col-editorial-landing-page','Three columns of blocks'),(10,4,'testing-only','test-article','Three columns with free block in middle for functional testing');
insert  into `item_template_block`(`id`,`template_id`,`name`,`admin_label`,`sequence`) values (14,1,'leftColumn','Left column',1),(15,1,'centreColumn','Centre column',1),(16,1,'rightColumn','Right column',1),(17,5,'beneathNavigation','Beneath navigation',1),(18,5,'rightColumn','Right column',1),(19,6,'rightColumn','Right column',1),(20,4,'rightColumn','Right column',1),(21,8,'rightColumn','Right column',1),(22,2,'rightColumn','Right column',1),(23,9,'leftColumn','Left column',1),(24,9,'beneathNavigation','Beneath navigation',1),(25,9,'rightColumn','Right column',1),(26,10,'leftColumn','Left column',1),(27,10,'mainImage','Main image',0),(28,10,'lowerPromo','Lower promo',0),(29,10,'rightColumn','Right column',1);
insert  into `item_type`(`id`,`name`,`icon`,`description`,`multiple_parts`) values (1,'home-page','/images/icons/item.png','Home page',0),(2,'sitemap-page','/images/icons/item.png','Sitemap page',0),(4,'article','/images/icons/item.png','Simple article',0),(5,'landing-page','/images/icons/item.png','Landing page',0);
insert  into `menu`(`id`,`name`,`primary`) values (1,'main',1);
insert  into `menu_item`(`id`,`menu_id`,`parent_menu_item_id`,`order_by`,`route_id`,`nav_text`,`external`) values (39,1,NULL,0,59,'Digital Gallery',NULL),(63,1,NULL,1,78,'Course Search',NULL),(64,1,NULL,2,79,'What\'s On',NULL),(139,1,39,0,142,'Results',NULL),(140,1,39,1,143,'Image',NULL),(141,1,39,2,144,'Basket',NULL),(142,1,63,0,145,'Results',NULL),(143,1,63,1,146,'Details',NULL),(144,1,64,0,147,'Results',NULL),(145,1,64,1,148,'Details',NULL);
insert  into `module`(`id`,`name`,`enabled`,`route_controller`,`route_action`) values (1,'container',1,'container','view'),(2,'item',1,'item','index'),(3,'form',1,'form',NULL),(4,'digital-gallery',1,'digital-gallery',NULL),(5,'whats-on',1,'whats-on',NULL),(6,'courses',1,'course',NULL),(9,'search',1,'search',NULL);
insert  into `module_page`(`id`,`module_id`,`name`) values (1,2,'contact-us'),(2,5,'search'),(3,5,'results'),(4,5,'index'),(5,6,'search'),(6,6,'results'),(7,6,'index'),(8,9,'simple'),(9,4,'search'),(10,4,'results'),(11,4,'index');
insert  into `module_page_block`(`id`,`module_page_id`,`name`,`admin_label`,`sequence`) values (1,8,'rightColumn','Right column',1),(2,1,'rightColumn','Right column',1),(3,5,'rightColumn','Right column',1),(4,2,'rightColumn','Right column',1),(5,9,'rightColumn','Right column',1),(15,1,'beforeContent','Before content',0);
insert  into `role`(`id`,`name`) values (1,'admin'),(2,'author'),(3,'publisher'),(4,'digital-gallery-manager'),(5,'course-manager'),(6,'whats-on-manager'),(7,'asset-manager'),(8,'form-manager'),(9,'helpdesk-user'),(10,'helpdesk-manager');
insert  into `route`(`id`,`slug`,`module_id`,`identifier`) values (59,'digital-gallery-search',4,'search'),(78,'course-search',6,'search'),(79,'whats-on',5,'search'),(142,'digital-gallery-results',4,'results'),(143,'digital-gallery-image',4,'index'),(144,'digital-gallery-basket',4,'basket'),(145,'course-results',6,'results'),(146,'course-details',6,'index'),(147,'whats-on-results',5,'results'),(148,'whats-on-details',5,'index');
insert  into `status`(`text`) values ('DELETED'),('DRAFT'),('PUBLISHED'),('REVISION'),('ROLLBACK');
insert  into `user`(`id`,`username`,`email`,`password`) values (1,'admin','root@localhost','5e884898da28047151d0e56f8dc6292773603d0d6aabbdd62a11ef721d1542d8');
insert  into `user_role`(`id`,`user_id`,`role_id`) values (21,1,1);
insert  into `workflow_stage`(`text`) values ('AUTHORING'),('PUBLISHING'),('REJECTED');

SET FOREIGN_KEY_CHECKS = 1;
